[{
        "path": "assets/images/21.jpg",
        "id": "0",
        "title": "Swami and Friends",
        "author": "R.K. NARAYAN",
        "publisher": "R.K. NARAYAN",
        "status": "Available",
        "flag": false,
        "order_status": "-",
        "status_to_show": "-",
        "issuedDate": "2017-04-23T18:25:43.511Z",
        "returnDate": "2017-04-30T18:25:43.511Z",
        "requested_user": "-",
        "show_requested_user": "-",
        "summary": "The Invisible Man doesn't get along with anyone in society: he didn't get along with anyone before he was invisible and now things have only gotten worse. He thinks the laws shouldn't apply to him and eventually he gets killed by a mob."
    },
    {
        "path": "assets/images/22.jpg",
        "id": 1,
        "title": "Harry Potter",
        "author": "GEORGE R.R. MARTIN",
        "publisher": "BLOOMSBURY",
        "status": "Available",
        "flag": false,
        "order_status": "-",
        "issuedDate": "2017-04-23T18:25:43.511Z",
        "returnDate": "2017-04-30T18:25:43.511Z",
        "requested_user": "-",
        "status_to_show": "-",
        "show_requested_user": "-",
        "summary": "The Invisible Man doesn't get along with anyone in society: he didn't get along with anyone before he was invisible and now things have only gotten worse. He thinks the laws shouldn't apply to him and eventually he gets killed by a mob."
    },
    {
        "path": "assets/images/25.jpg",
        "id": 2,
        "title": "Plucked and Burned",
        "author": "ARUNDHATI ROY",
        "publisher": "BLOOM",
        "status": "Available",
        "flag": false,
        "order_status": "-",
        "status_to_show": "-",
        "show_requested_user": "-",
        "issuedDate": "2017-04-23T18:25:43.511Z",
        "returnDate": "2017-04-30T18:25:43.511Z",
        "requested_user": "-",
        "summary": "The Invisible Man doesn't get along with anyone in society: he didn't get along with anyone before he was invisible and now things have only gotten worse. He thinks the laws shouldn't apply to him and eventually he gets killed by a mob."
    },
    {
        "path": "assets/images/4.jpg",
        "id": 3,
        "title": "Coolie",
        "author": "MULK RAJ ANAND",
        "publisher": "MULK RAJ ANAND",
        "status": "Available",
        "flag": false,
        "order_status": "-",
        "status_to_show": "-",
        "show_requested_user": "-",
        "issuedDate": "2017-04-23T18:25:43.511Z",
        "returnDate": "2017-04-30T18:25:43.511Z",
        "requested_user": "-",
        "show_requested_user": "-",
        "summary": "The Invisible Man doesn't get along with anyone in society: he didn't get along with anyone before he was invisible and now things have only gotten worse. He thinks the laws shouldn't apply to him and eventually he gets killed by a mob."
    },
    {
        "path": "assets/images/25.jpg",
        "id": 4,
        "title": "City Of Dark Magic",
        "author": "SALMAN RUSHDIE",
        "publisher": "SALMAN RUSHDIE",
        "status": "Available",
        "flag": false,
        "order_status": "-",
        "status_to_show": "-",
        "show_requested_user": "-",
        "issuedDate": "2017-04-23T18:25:43.511Z",
        "returnDate": "2017-04-30T18:25:43.511Z",
        "requested_user": "-",
        "summary": "The Invisible Man doesn't get along with anyone in society: he didn't get along with anyone before he was invisible and now things have only gotten worse. He thinks the laws shouldn't apply to him and eventually he gets killed by a mob."
    }, {
        "path": "assets/images/24.jpg",
        "id": 5,
        "title": "Shalimar the Clown",
        "author": "SALMAN RUSHDIE",
        "publisher": "SALMAN RUSHDIE",
        "status": "Available",
        "flag": false,
        "order_status": "-",
        "show_requested_user": "-",
        "status_to_show": "-",
        "issuedDate": "2017-04-23T18:25:43.511Z",
        "returnDate": "2017-04-30T18:25:43.511Z",
        "requested_user": "-",
        "summary": "The Invisible Man doesn't get along with anyone in society: he didn't get along with anyone before he was invisible and now things have only gotten worse. He thinks the laws shouldn't apply to him and eventually he gets killed by a mob."
    }, {
        "path": "assets/images/7.jpg",
        "id": 6,
        "title": "Midnight’s Children",
        "author": "JHUMPA LAHIRI",
        "publisher": "JHUMPA LAHIRI",
        "status": "Not Available",
        "flag": true,
        "order_status": "-",
        "show_requested_user": "",
        "status_to_show": "-",
        "issuedDate": "2017-04-23T18:25:43.511Z",
        "returnDate": "2017-04-30T18:25:43.511Z",
        "requested_user": "-",
        "summary": "The Invisible Man doesn't get along with anyone in society: he didn't get along with anyone before he was invisible and now things have only gotten worse. He thinks the laws shouldn't apply to him and eventually he gets killed by a mob."
    }, {
        "path": "assets/images/8.jpg",
        "id": 7,
        "title": "Bandicoot Run",
        "author": "MANOHAR MALGONKAR",
        "publisher": "MANOHAR MALGONKAR",
        "status": "Available",
        "flag": false,
        "order_status": "-",
        "status_to_show": "-",
        "issuedDate": "2017-04-23T18:25:43.511Z",
        "returnDate": "2017-04-30T18:25:43.511Z",
        "requested_user": "-",
        "show_requested_user": "-",
        "summary": "The Invisible Man doesn't get along with anyone in society: he didn't get along with anyone before he was invisible and now things have only gotten worse. He thinks the laws shouldn't apply to him and eventually he gets killed by a mob."
    }, {
        "path": "assets/images/9.gif",
        "id": 8,
        "title": "Broken Republic",
        "author": "ARUNDHATI ROY",
        "publisher": "ARUNDHATI ROY",
        "status": "Available",
        "flag": false,
        "order_status": "-",
        "status_to_show": "-",
        "issuedDate": "2017-04-23T18:25:43.511Z",
        "returnDate": "2017-04-30T18:25:43.511Z",
        "requested_user": "-",
        "show_requested_user": "-",
        "summary": "The Invisible Man doesn't get along with anyone in society: he didn't get along with anyone before he was invisible and now things have only gotten worse. He thinks the laws shouldn't apply to him and eventually he gets killed by a mob."
    }, {
        "path": "assets/images/10.jpg",
        "id": 9,
        "title": "ONE INDIAN GIRL",
        "author": "CHETAN BHAGAT",
        "publisher": "CHETAN BHAGAT",
        "status": "Available",
        "flag": true,
        "order_status": "-",
        "status_to_show": "-",
        "issuedDate": "2017-04-23T18:25:43.511Z",
        "returnDate": "2017-04-30T18:25:43.511Z",
        "requested_user": "-",
        "show_requested_user": "-",
        "summary": "The Invisible Man doesn't get along with anyone in society: he didn't get along with anyone before he was invisible and now things have only gotten worse. He thinks the laws shouldn't apply to him and eventually he gets killed by a mob."
    }, {
        "path": "assets/images/8.jpg",
        "id": 10,
        "title": "2 STATES",
        "author": "ARUNDHATI ROY",
        "publisher": "ARUNDHATI ROY",
        "status": "Available",
        "flag": false,
        "order_status": "-",
        "status_to_show": "-",
        "issuedDate": "2017-04-23T18:25:43.511Z",
        "returnDate": "2017-04-30T18:25:43.511Z",
        "requested_user": "-",
        "show_requested_user": "-",
        "summary": "The Invisible Man doesn't get along with anyone in society: he didn't get along with anyone before he was invisible and now things have only gotten worse. He thinks the laws shouldn't apply to him and eventually he gets killed by a mob."
    }
]