[{
    "username":"ayushi","password":"ayushi","confirmPass":"ayushi","email":"ayushi@gmail.com","address":"ayushi","id":"IIIPL_101","activeOrNot":"Deactivated"
    },{
    "username":"pooja","password":"pooja","confirmPass":"pooja","email":"pooja@gmail.com","address":"pooja","id":"IIIPL_101","activeOrNot":"Active"
    },{
    "username":"sarita","password":"sarita","confirmPass":"sarita","email":"ayuhi@ril.com","address":"khsal","id":"IIIPL_103","activeOrNot":"Active"
    },{
    "username":"aarti","password":"aarti","confirmPass":"aarti","email":"ayushi@gmail.com","address":"welcome","id":"IIIPL_100","activeOrNot":"Active"
    },{
     "username":"Pooja Rai","password":"pooja","confirmPass":"pooja","email":"pooja@gmail.com","address":"ujjain","id":"IIIPL_106","activeOrNot":"Active"
    },{
    "username":"ayushi","password":"asyuhi","confirmPass":"asyuhi","email":"a@gmail.com","address":"ujjain , MP","id":"IIIPL_100","activeOrNot":"Active"
}]